Key,File,Type,UsedInMainMenu,NoTranslate,KeepLoaded,english,Context / Alternate Text,german,spanish,french,italian,japanese,koreana,polish,brazilian,russian,turkish,schinese,tchinese
foodTortillaDorrego,items,Food,,,,Tortilla de Dorrego,,,Tortilla de Dorrego,,,,,,,,,,
foodTortillaDorregoDesc,items,Food,,,,Tortilla casera babe con cebolla. Sacia e hidrata.,,,Tortilla casera babe con cebolla. Sacia e hidrata.,,,,,,,,,,
foodTortillaDelPibe,items,Food,,,,Tortilla del Pibe,,,Tortilla del Pibe,,,,,,,,,,
foodTortillaDelPibeDesc,items,Food,,,,Tortilla gigante y seca. Llena mucho pero quita hidratacion.,,,Tortilla gigante y seca. Llena mucho pero quita hidratacion.,,,,,,,,,,
foodPizzaCasera,items,Food,,,,Pizzas Caseras,,,Pizzas Caseras,,,,,,,,,,
foodPizzaCaseraDesc,items,Food,,,,Pizzas caseras a la parrilla ideales para viajes.,,,Pizzas caseras a la parrilla ideales para viajes.,,,,,,,,,,
foodGuisoBlanco,items,Food,,,,Guiso Blanco,,,Guiso Blanco,,,,,,,,,,
foodGuisoBlancoDesc,items,Food,,,,Ravioles con salsa blanca de tres quesos y panceta.,,,Ravioles con salsa blanca de tres quesos y panceta.,,,,,,,,,,
foodPolloAlDisco,items,Food,,,,Pollo al Disco,,,Pollo al Disco,,,,,,,,,,
foodPolloAlDiscoDesc,items,Food,,,,Pollo al disco con crema y cerveza. Potencia el combate.,,,Pollo al disco con crema y cerveza. Potencia el combate.,,,,,,,,,,
foodBudinFristelser,items,Food,,,,Budin Fristelser,,,Budin Fristelser,,,,,,,,,,
foodBudinFristelserDesc,items,Food,,,,Budin dulce de banana. Rush de velocidad.,,,Budin dulce de banana. Rush de velocidad.,,,,,,,,,,
drugCrack,items,Food,,,,Crack,,,Crack,,,,,,,,,,
drugCrackDesc,items,Food,,,,,"Estimulante rustico de alta potencia.\n\nEFECTOS (3 min):\n+60% Cosecha y Mineria\n\nBAJON:\n-30 Agua y -25 Salud instantaneos",,,"Estimulante rustico de alta potencia.\n\nEFECTOS (3 min):\n+60% Cosecha y Mineria\n\nBAJON:\n-30 Agua y -25 Salud instantaneos",,,,,,,,,,
drugCoca,items,Food,,,,Cocaina,,,Cocaina,,,,,,,,,,
drugCocaDesc,items,Food,,,,,"Polvo blanco de extrema pureza.\n\nEFECTOS (2 min):\n+70% Velocidad al correr\n+30 Capacidad de carga (sin sobrepeso)\n+30% Recuperacion de resistencia\n\nBAJON (3 min):\n-40% Velocidad y agotamiento cardiaco severo",,,"Polvo blanco de extrema pureza.\n\nEFECTOS (2 min):\n+70% Velocidad al correr\n+30 Capacidad de carga (sin sobrepeso)\n+30% Recuperacion de resistencia\n\nBAJON (3 min):\n-40% Velocidad y agotamiento cardiaco severo",,,,,,,,,,